task,model,test_n,n_classes,classes,seed,accuracy,accuracy_ci_lower,accuracy_ci_upper,macro_f1,macro_f1_ci_lower,macro_f1_ci_upper,bootstrap_reps,ci_level
coarse,Majority-class baseline,55515,5,"ADJ,ADV,FUNCTION,NOUN,VERB",42,0.755201297,0.751724309,0.758660722,0.172105911,0.171653566,0.172554197,2000,0.95
coarse,Rule-based suffix,55515,5,"ADJ,ADV,FUNCTION,NOUN,VERB",42,0.898513915,0.895937584,0.900982167,0.681134109,0.678038628,0.68411001,2000,0.95
coarse,Statistical suffix,55515,5,"ADJ,ADV,FUNCTION,NOUN,VERB",42,0.949563181,0.947779879,0.951400973,0.741219938,0.727133542,0.767333333,2000,0.95
coarse,Char N-gram,55515,5,"ADJ,ADV,FUNCTION,NOUN,VERB",42,0.923155904,0.92090426,0.925353508,0.719884514,0.70701697,0.735019508,2000,0.95
coarse,BiLSTM,55515,5,"ADJ,ADV,FUNCTION,NOUN,VERB",42,0.988705755,0.987840674,0.989552373,0.832285334,0.813467604,0.850963869,2000,0.95
fine,Majority-class baseline,55494,10,"IN,JJ,JJS,NN,NNS,RB,VB,VBD,VBG,VBN",42,0.624283706,0.620283274,0.628464338,0.076868801,0.076564794,0.077184906,2000,0.95
fine,Rule-based suffix,55494,10,"IN,JJ,JJS,NN,NNS,RB,VB,VBD,VBG,VBN",42,0.733070242,0.729375248,0.736818395,0.401115351,0.396563414,0.40544811,2000,0.95
fine,Statistical suffix,55494,10,"IN,JJ,JJS,NN,NNS,RB,VB,VBD,VBG,VBN",42,0.943705626,0.941831549,0.945579702,0.651624874,0.630606285,0.676098773,2000,0.95
fine,Char N-gram,55494,10,"IN,JJ,JJS,NN,NNS,RB,VB,VBD,VBG,VBN",42,0.859282085,0.85639889,0.862183299,0.616151542,0.605716919,0.626489625,2000,0.95
fine,BiLSTM,55494,10,"IN,JJ,JJS,NN,NNS,RB,VB,VBD,VBG,VBN",42,0.979547338,0.978358021,0.980700616,0.841166105,0.826730988,0.85431315,2000,0.95
